N;ID;Title;
1;#1-ST1;TeddyBear;
2;#2-ST2;TeddyBear;
3;#3-TG1;Chess;
4;#4-A1;Plane;
5;#5-TG2;Chess;
6;#6-V1;Boat;
7;#7-R1;SimpleRobot;
8;#8-C1;SpeedCar;
9;#9-V2;SpeedBoat;
10;#10-C2;SpecialServiceCar;
11;#11-ST3;TeddyBear;
12;#12-TG3;RPG;
13;#13-TG4;RPG;
14;#14-V3;SpeedBoat;
15;#15-C3;SpeedCar;
16;#16-V4;Boat;
17;#17-ST4;Stitch;
18;#18-V5;Submarine;
19;#19-D1;Barbie;
20;#20-TG5;RPG;
21;#21-D2;MonsterHigh;
22;#22-D3;LOL;
23;#23-V6;Boat;
24;#24-D4;MonsterHigh;
25;#25-R2;SimpleRobot;
26;#26-D5;MonsterHigh;
27;#27-R3;RF_Robot;
28;#28-TG6;Monopoly;
29;#29-R4;SimpleRobot;
30;#30-ST5;Stitch;
31;#31-V7;SpeedBoat;
32;#32-V8;Boat;
33;#33-D6;LOL;
34;#34-V9;Boat;
35;#35-TG7;Chess;
36;#36-D7;LOL;
37;#37-A2;Helicopter;
38;#38-TG8;Monopoly;
39;#39-C4;SpecialServiceCar;
40;#40-V10;Submarine;
41;#41-ST6;Kitty;
42;#42-A3;Plane;
43;#43-C5;RFCar;
44;#44-ST7;TeddyBear;
45;#45-V11;Submarine;
46;#46-R5;RF_Robot;
47;#47-ST8;Kitty;
48;#48-ST9;Stitch;
49;#49-V12;Submarine;
50;#50-TG9;RPG;
51;#51-V13;SpeedBoat;
52;#52-D8;Barbie;
53;#53-R6;SimpleRobot;
54;#54-A4;Plane;
55;#55-D9;Barbie;
56;#56-A5;Helicopter;
57;#57-C6;RFCar;
58;#58-R7;SimpleRobot;
59;#59-A6;Helicopter;
60;#60-R8;SimpleRobot;
61;#61-A7;Helicopter;
62;#62-C7;SpecialServiceCar;
63;#63-C8;RFCar;
64;#64-A8;Quadcopter;
65;#65-A9;Plane;
66;#66-TG10;Chess;
67;#67-TG11;RPG;
68;#68-ST10;TeddyBear;
69;#69-ST11;Stitch;
70;#70-D10;LOL;
71;#71-TG12;RPG;
72;#72-ST12;TeddyBear;
73;#73-R9;RF_Robot;
74;#74-TG13;Constructor;
75;#75-V14;SpeedBoat;
76;#76-A10;Plane;
77;#77-A11;Quadcopter;
78;#78-A12;Helicopter;
79;#79-TG14;Monopoly;
80;#80-V15;Boat;
81;#81-D11;Barbie;
82;#82-C9;SpeedCar;
83;#83-ST13;TeddyBear;
84;#84-D12;LOL;
85;#85-C10;RFCar;
86;#86-ST14;Stitch;
87;#87-TG15;Chess;
88;#88-C11;SpecialServiceCar;
89;#89-C12;RFCar;
90;#90-TG16;Chess;
91;#91-R10;RF_Robot;
92;#92-D13;MonsterHigh;
93;#93-C13;RFCar;
94;#94-D14;Barbie;
95;#95-V16;Boat;
96;#96-R11;RF_Robot;
97;#97-TG17;Constructor;
98;#98-C14;SpecialServiceCar;
99;#99-A13;Helicopter;
100;#100-TG18;RPG;
